SampleID	EUKfrac	CRUISE	STATION	TYPE	time	lon	lat	bottom_depth	depth	Temperature	Salinity	CAST_TYPE	CAST_NO	NISKIN	comments
P16N-S04-N01	0.00775224	P16N	4	B	20060215T20:39	-151.0009	-14.0002	4286	1009.3	4.1326	34.5166	TRACE METALS	3	1	TM1/DNA8
P16N-S04-N02	0.02724576	P16N	4	B	20060215T20:47	-151.0009	-14.0002	4286	708.3	5.5264	34.4619	TRACE METALS	3	2	TM2/DNA7
P16N-S04-N04	0.02243989	P16N	4	B	20060215T20:57	-151.0009	-14.0002	4286	256.5	19.3434	35.626	TRACE METALS	3	4	TM4/DNA6
P16N-S04-N05	0.02143735	P16N	4	B	20060215T20:59	-151.0009	-14.0002	4286	204.7	22.6075	36.1251	TRACE METALS	3	5	TM5/DNA5
P16N-S04-N06	0.02350207	P16N	4	B	20060215T21:01	-151.0009	-14.0002	4286	157.2	24.9995	36.3531	TRACE METALS	3	6	TM6/DNA4
P16N-S04-N08	0.01457887	P16N	4	B	20060215T21:02	-151.0009	-14.0002	4286	104.2	27.9785	36.2407	TRACE METALS	3	8	TM8/DNA3
P16N-S04-N11	0.00844153	P16N	4	B	20060215T21:04	-151.0009	-14.0002	4286	42.8	29.0668	36.1417	TRACE METALS	3	11	TM11/DNA2
P16N-S04-N12	0.01184275	P16N	4	B	20060215T21:05	-151.0009	-14.0001	4286	23.6	29.1665	36.1183	TRACE METALS	3	12	TM12/DNA1
P16N-S08-N03	0.01091506	P16N	8	B	20060217T07:37	-151.0008	-10	4649	504.9	7.5063	34.5843	TRACE METALS	1	3	
P16N-S08-N04	0.01838687	P16N	8	B	20060217T07:43	-151.0008	-10	4646	252.6	16.4869	35.2401	TRACE METALS	1	4	
P16N-S08-N05	0.0491478	P16N	8	B	20060217T07:44	-151.0008	-10	4647	203.3	20.6876	35.8367	TRACE METALS	1	5	
P16N-S08-N06	0.02000135	P16N	8	B	20060217T07:46	-151.0008	-10	4648	153.8	23.6486	36.2918	TRACE METALS	1	6	
P16N-S08-N08	0.0124144	P16N	8	B	20060217T07:48	-151.0008	-10	4648	103.7	27.3231	36.3596	TRACE METALS	1	8	
P16N-S08-N11	0.01162166	P16N	8	B	20060217T07:50	-151.0008	-10	4648	36.7	29.1895	35.9801	TRACE METALS	1	11	
P16N-S08-N12	0.00943254	P16N	8	B	20060217T07:51	-150.9999	-10	4648	22	29.2148	35.9776	TRACE METALS	1	12	
P16N-S12-N01	0.03150439	P16N	12	B	20060219T00:28	-151.0007	-6	5031	1010.1	4.3718	34.5491	TRACE METALS	3	1	
P16N-S12-N03	0.00795872	P16N	12	B	20060219T00:40	-151.0007	-6.0001	5030	506.3	8.3303	34.6424	TRACE METALS	3	3	
P16N-S12-N04	0.04728513	P16N	12	B	20060219T00:46	-151.0007	-6	5030	256.6	12.5592	34.9346	TRACE METALS	3	4	
P16N-S12-N05	0.08018612	P16N	12	B	20060219T00:48	-151.0007	-6	5030	207.5	15.4185	35.1865	TRACE METALS	3	5	
P16N-S12-N06	0.05863255	P16N	12	B	20060219T00:49	-151.0007	-6	5030	157.2	19.3276	35.5736	TRACE METALS	3	6	
P16N-S12-N08	0.03149254	P16N	12	B	20060219T00:50	-151.0007	-6	5030	103.9	27.14	36.245	TRACE METALS	3	8	
P16N-S12-N11	0.00215613	P16N	12	B	20060219T00:53	-151.0007	-6	5030	36.8	27.9745	35.7597	TRACE METALS	3	11	
P16N-S12-N12	0.01568044	P16N	12	B	20060219T00:54	-151.0007	-6	5030	20.9	27.9902	35.7626	TRACE METALS	3	12	
P16N-S18-N01	0.07410562	P16N	18	B	20060221T05:11	-150.9953	-0.997	4685	1009.3	4.6105	34.5506	TRACE METALS	2	1	
P16N-S18-N03	0.04442292	P16N	18	B	20060221T05:23	-150.9934	-0.996	4685	506.2	7.2386	34.5868	TRACE METALS	2	3	
P16N-S18-N04	0.0636776	P16N	18	B	20060221T05:29	-150.9925	-0.9957	4683	252.4	12.0611	34.8757	TRACE METALS	2	4	
P16N-S18-N05	0.05996717	P16N	18	B	20060221T05:30	-150.9923	-0.9956	4682	205.3	12.9024	34.9658	TRACE METALS	2	5	
P16N-S18-N06	0.06309237	P16N	18	B	20060221T05:31	-150.9921	-0.9954	4682	154.1	15.67	35.2601	TRACE METALS	2	6	
P16N-S18-N08	0.03965163	P16N	18	B	20060221T05:33	-150.9917	-0.9953	4682	103	21.0054	35.6019	TRACE METALS	2	8	
P16N-S18-N11	0.0454124	P16N	18	B	20060221T05:35	-150.9911	-0.995	4682	38.2	25.6715	35.2952	TRACE METALS	2	11	
P16N-S18-N12	0.02779921	P16N	18	B	20060221T05:36	-150.991	-0.995	4682	23.6	25.7973	35.2903	TRACE METALS	2	12	
P16N-S21-N01	0.03542578	P16N	21	B	20060222T02:30	-150.9888	0.5002	3462	958.7	4.5302	34.5556	TRACE METALS	3	1	
P16N-S21-N03	0.02851238	P16N	21	B	20060222T02:41	-150.9858	0.5001	3523	554.9	7.5466	34.5983	TRACE METALS	3	3	
P16N-S21-N04	0.0552241	P16N	21	B	20060222T02:49	-150.9838	0.5002	3513	276.5	11.9957	34.8578	TRACE METALS	3	4	
P16N-S21-N05	0.08158888	P16N	21	B	20060222T02:50	-150.9835	0.5002	3514	229.2	12.3524	34.8793	TRACE METALS	3	5	
P16N-S21-N06	0.08592207	P16N	21	B	20060222T02:51	-150.9829	0.5001	3519	182.7	12.9556	34.9322	TRACE METALS	3	6	
P16N-S21-N08	0.09516061	P16N	21	B	20060222T02:53	-150.9819	0.5002	3528	113.9	16.8726	34.9688	TRACE METALS	3	8	
P16N-S21-N11	0.03436972	P16N	21	B	20060222T02:55	-150.9808	0.5002	3538	43.8	24.3702	35.1647	TRACE METALS	3	11	
P16N-S21-N12	0.00099091	P16N	21	B	20060222T02:55	-150.9806	0.5002	3538	26.2	25.1392	35.2793	TRACE METALS	3	12	
P16N-S26-N01	0.03270428	P16N	26	B	20060223T23:30	-150.999	3.9999	5049	1007.9	4.3898	34.5623	TRACE METALS	3	1	
P16N-S26-N03	0.03927393	P16N	26	B	20060223T23:42	-150.999	3.9999	5049	504.7	7.3402	34.5818	TRACE METALS	3	3	
P16N-S26-N04	0.04866234	P16N	26	B	20060223T23:48	-150.999	3.9999	5049	254.6	9.7302	34.6629	TRACE METALS	3	4	
P16N-S26-N05	0.06518621	P16N	26	B	20060223T23:49	-150.999	3.9999	5049	202.8	10.4547	34.6608	TRACE METALS	3	5	
P16N-S26-N06	0.12122958	P16N	26	B	20060223T23:51	-150.999	3.9999	5049	152.9	12.9504	34.6101	TRACE METALS	3	6	
P16N-S26-N08	0.00508151	P16N	26	B	20060223T23:52	-150.999	3.9999	5049	102.2	21.343	34.8572	TRACE METALS	3	8	
P16N-S26-N11	0.02913354	P16N	26	B	20060223T23:54	-150.999	3.9999	5049	37.6	26.9696	34.8899	TRACE METALS	3	11	
P16N-S26-N12	0.03773072	P16N	26	B	20060223T23:55	-150.999	3.9999	5049	22.4	27.0191	34.8892	TRACE METALS	3	12	
P16N-S32-N01	0.05089447	P16N	32	B	20060226T05:09	-151.9402	10.0002	5143	962.2	4.7577	34.5486	TRACE METALS	1	1	
P16N-S32-N03	0.04238548	P16N	32	B	20060226T05:20	-151.9402	10.0002	5068	504.8	8.3341	34.595	TRACE METALS	1	3	
P16N-S32-N04	0.04893133	P16N	32	B	20060226T05:22	-151.9402	10.0002	5931	408.9	9.3462	34.6512	TRACE METALS	1	4	
P16N-S32-N05	0.06529912	P16N	32	B	20060226T05:25	-151.9402	10.0002	5043	254.8	10.5624	34.7089	TRACE METALS	1	5	
P16N-S32-N06	0.10395013	P16N	32	B	20060226T05:28	-151.9402	10.0002	4479	159	11.4585	34.7131	TRACE METALS	1	6	
P16N-S32-N08	0.04384869	P16N	32	B	20060226T05:29	-151.9402	10.0002	5011	107.3	12.9248	34.6261	TRACE METALS	1	8	
P16N-S32-N11	0.06151451	P16N	32	B	20060226T05:32	-151.9402	10.0002	5167	41.4	26.2071	34.5373	TRACE METALS	1	11	
P16N-S32-N12	0.01563232	P16N	32	B	20060226T05:33	-151.9402	10.0002	5179	22	26.7362	34.6508	TRACE METALS	1	12	
P16N-S36-N01	0.01931139	P16N	36	B	20060227T19:29	-152.0018	13.9987	5661	959.3	4.5345	34.5347	TRACE METALS	1	1	
P16N-S36-N03	0.01632642	P16N	36	B	20060227T19:38	-152.0018	13.9987	5652	556.8	6.9809	34.5198	TRACE METALS	1	3	
P16N-S36-N04	0.07968228	P16N	36	B	20060227T19:43	-152.0017	13.9987	5645	278.9	9.6163	34.464	TRACE METALS	1	4	
P16N-S36-N05	0.03646579	P16N	36	B	20060227T19:45	-152.0017	13.9987	5644	227.6	10.0324	34.3468	TRACE METALS	1	5	
P16N-S36-N06	0.04413433	P16N	36	B	20060227T19:47	-152.0018	13.9987	5701	175.9	12.2249	34.1428	TRACE METALS	1	6	
P16N-S36-N08	0.04272624	P16N	36	B	20060227T19:49	-152.0018	13.9987	5697	109	20.3843	34.568	TRACE METALS	1	8	
P16N-S36-N11	0.0351611	P16N	36	B	20060227T19:51	-152.0018	13.9987	5711	42	25.9004	34.365	TRACE METALS	1	11	
P16N-S36-N12	0.03835652	P16N	36	B	20060227T19:52	-152.0017	13.9988	5613	20.8	25.905	34.3617	TRACE METALS	1	12	
P16N-S40-N01	0.01465201	P16N	40	B	20060301T19:15	-152	18	5079	550.2	6.3277	34.326	TRACE METALS	2	1	
P16N-S40-N02	0.04498777	P16N	40	B	20060301T19:23	-152	18	5079	275.2	14.9487	34.3731	TRACE METALS	2	2	
P16N-S40-N03	0.05056361	P16N	40	B	20060301T19:23	-152	18	5079	221.2	14.9487	34.3944	TRACE METALS	2	3	
P16N-S40-N04	0.08171141	P16N	40	B	20060301T19:25	-152	18	5079	179.1	19.2217	34.8762	TRACE METALS	2	4	
P16N-S40-N05	0.03479181	P16N	40	B	20060301T19:26	-152	18	5079	143.6	21.4876	35.0373	TRACE METALS	2	5	
P16N-S40-N06	0.04011138	P16N	40	B	20060301T19:27	-152	18	5078	114.1	23.5951	34.9536	TRACE METALS	2	6	
P16N-S40-N09	0.03465315	P16N	40	B	20060301T19:29	-152	18	5079	47.1	23.7192	34.6042	TRACE METALS	2	9	
P16N-S40-N10	0.04502562	P16N	40	B	20060301T19:30	-152	18	5079	24.4	23.7481	34.5319	TRACE METALS	2	10	
P16N-S47-N01-200731-run063	0.02255639	P16N	47	B	20060314T02:49	-152.0001	24.9995	5361	957.4	4.1034	34.3907	TRACE METALS	3	1	
P16N-S47-N03-200731-run063	0.00702415	P16N	47	B	20060314T02:59	-152.0001	24.9995	5345	553.6	7.0714	34.0345	TRACE METALS	3	3	
P16N-S47-N05-200731-run063	0.01188486	P16N	47	B	20060314T03:06	-152.0001	24.9995	5361	228.7	16.8565	34.6948	TRACE METALS	3	5	
P16N-S47-N06-200731-run063	0.00828062	P16N	47	B	20060314T03:08	-152.0001	24.9995	5360	177.4	19.2358	34.9562	TRACE METALS	3	6	
P16N-S47-N08-200731-run063	0.00111997	P16N	47	B	20060314T03:10	-152.0001	24.9995	5360	106.4	21.9777	35.2906	TRACE METALS	3	8	
P16N-S47-N11-200731-run063	0.00245428	P16N	47	B	20060314T03:12	-152.0001	24.9995	5371	40.2	22.023	35.2847	TRACE METALS	3	11	
P16N-S47-N12-200731-run063	0.0125523	P16N	47	B	20060314T03:13	-152.0001	24.9995	5373	19.9	22.0173	35.2853	TRACE METALS	3	12	
P16N-S51-N01	0.0356979	P16N	51	B	20060315T23:24	-151.9986	28.9939	5596	959.1	3.7933	34.3497	TRACE METALS	3	1	
P16N-S51-N03	0.03436748	P16N	51	B	20060315T23:33	-151.9981	28.993	5508	553.5	6.5185	33.9976	TRACE METALS	3	3	
P16N-S51-N04	0.0351234	P16N	51	B	20060315T23:39	-151.9976	28.992	5596	278.5	12.2716	34.2382	TRACE METALS	3	4	
P16N-S51-N05	0.03906084	P16N	51	B	20060315T23:41	-151.9977	28.9919	5600	226.3	14.2173	34.3915	TRACE METALS	3	5	
P16N-S51-N06	0.01921957	P16N	51	B	20060315T23:42	-151.9976	28.9919	5599	179.3	16.7912	34.6576	TRACE METALS	3	6	
P16N-S51-N08	0.01426011	P16N	51	B	20060315T23:44	-151.9976	28.9917	5597	107.2	19.2723	35.1755	TRACE METALS	3	8	
P16N-S51-N11	0.01920852	P16N	51	B	20060315T23:46	-151.9976	28.9916	5596	40.2	19.9067	35.2697	TRACE METALS	3	11	
P16N-S51-N12	0.01977856	P16N	51	B	20060315T23:46	-151.9976	28.9915	5596	21	19.9297	35.2698	TRACE METALS	3	12	
P16N-S55-N01	0.04391373	P16N	55	B	20060317T16:33	-152.0002	32.9997	5372	960.2	3.53	34.3069	TRACE METALS	3	1	
P16N-S55-N03	0.15432012	P16N	55	B	20060317T16:42	-152.0002	32.9997	5372	557.4	5.972	33.9822	TRACE METALS	3	3	
P16N-S55-N04	0.05868613	P16N	55	B	20060317T16:47	-152.0002	32.9997	5372	278.1	10.5871	34.1486	TRACE METALS	3	4	
P16N-S55-N05	0.05351669	P16N	55	B	20060317T16:48	-152.0002	32.9997	5372	227.3	11.4247	34.224	TRACE METALS	3	5	
P16N-S55-N06	0.04295985	P16N	55	B	20060317T16:50	-152.0002	32.9997	5372	178.8	12.3641	34.2394	TRACE METALS	3	6	
P16N-S55-N08	0.01513543	P16N	55	B	20060317T16:52	-152.0002	32.9997	5372	108.8	15.1777	34.4619	TRACE METALS	3	8	
P16N-S55-N11	0.01743248	P16N	55	B	20060317T16:53	-152.0002	32.9997	5372	43.4	17.0557	34.789	TRACE METALS	3	11	
P16N-S55-N12	0.0184971	P16N	55	B	20060317T16:54	-152.0002	32.9997	5372	21.7	17.4776	34.8586	TRACE METALS	3	12	
P16N-S61-N01	0.0391323	P16N	61	B	20060320T07:44	-152.0003	39	5779	1008.7	3.2747	34.3081	TRACE METALS	1	1	
P16N-S61-N03	0.16048913	P16N	61	B	20060320T07:55	-152.0003	39	5777	505.9	5.8247	33.9631	TRACE METALS	1	3	
P16N-S61-N04	0.03595446	P16N	61	B	20060320T08:00	-152.0003	39	5782	254.9	9.3365	34.0623	TRACE METALS	1	4	
P16N-S61-N05	0.03672931	P16N	61	B	20060320T08:01	-152.0003	39	5777	203.3	10.0966	34.089	TRACE METALS	1	5	
P16N-S61-N06	0.03064066	P16N	61	B	20060320T08:03	-152.0003	39	5781	154.5	10.9078	34.0197	TRACE METALS	1	6	
P16N-S61-N08	0.02074546	P16N	61	B	20060320T08:05	-152.0003	39	5778	104.7	11.9518	33.6524	TRACE METALS	1	8	
P16N-S61-N11	0.03213215	P16N	61	B	20060320T08:07	-152.0003	39	5777	38.3	12.017	33.6642	TRACE METALS	1	11	
P16N-S61-N12	0.02884805	P16N	61	B	20060320T08:08	-152.0003	39	5777	24.9	12.0157	33.6597	TRACE METALS	1	12	
P16N-S66-N01	0.02225936	P16N	66	B	20060324T00:26	-152.0004	45.0022	5281	1013.6	3.0835	34.3435	TRACE METALS	3	1	
P16N-S66-N03	0.01570357	P16N	66	B	20060324T00:39	-152.0004	45.0022	5277	505.3	4.5122	34.0284	TRACE METALS	3	3	
P16N-S66-N04	0.16034751	P16N	66	B	20060324T00:46	-152.0004	45.0021	5331	254.2	6.3475	33.8672	TRACE METALS	3	4	
P16N-S66-N05	0.02587353	P16N	66	B	20060324T00:48	-152.0004	45.0022	5329	205.3	6.9927	33.8563	TRACE METALS	3	5	
P16N-S66-N06	0.13680238	P16N	66	B	20060324T00:50	-152.0004	45.0021	5364	155.7	7.7128	33.7921	TRACE METALS	3	6	
P16N-S66-N08	0.15311191	P16N	66	B	20060324T00:51	-152.0004	45.0022	5275	105.3	7.0729	32.9213	TRACE METALS	3	8	FILTER FELL ON FLOOR
P16N-S66-N11	0.05106062	P16N	66	B	20060324T00:55	-152.0004	45.0022	5274	37.5	7.0922	32.9221	TRACE METALS	3	11	
P16N-S66-N12	0.03939413	P16N	66	B	20060324T00:55	-152.0004	45.0022	5275	22.9	7.0964	32.9229	TRACE METALS	3	12	
P16N-S72-N01	0.02619167	P16N	72	B	20060326T14:38	-151.9999	50.9998	4972	959.6	2.8673	34.3764	TRACE METALS	2	1	
P16N-S72-N03	0.02050909	P16N	72	B	20060326T14:47	-151.9999	50.9998	4970	555	3.5262	34.1734	TRACE METALS	2	3	
P16N-S72-N04	0.01893947	P16N	72	B	20060326T14:54	-151.9999	50.9998	5010	278.6	3.9739	33.9534	TRACE METALS	2	4	
P16N-S72-N05	0.01412315	P16N	72	B	20060326T14:56	-151.9999	50.9998	4950	227.4	3.9332	33.8603	TRACE METALS	2	5	
P16N-S72-N06	0.01361624	P16N	72	B	20060326T14:57	-151.9998	50.9998	4956	178.3	4.0571	33.8143	TRACE METALS	2	6	
P16N-S72-N08	0.02494337	P16N	72	B	20060326T15:00	-151.9998	50.9998	4956	108.5	4.1743	33.5434	TRACE METALS	2	8	
P16N-S72-N11	0.09811531	P16N	72	B	20060326T15:03	-151.9999	50.9998	4940	42.1	4.5638	32.6655	TRACE METALS	2	11	
P16N-S72-N12	0.07699242	P16N	72	B	20060326T15:05	-151.9999	50.9998	4991	22.5	4.5731	32.665	TRACE METALS	2	12	
P16S-S05-N03	0.01133701	P16S	5	B	20050111T00:00	-150.0001	-18	-999	437.889348334544	10.109	34.5925	D (TRACE METAL)	-999	3	extracted 1/21/05 MM
P16S-S05-N05	0.02756134	P16S	5	B	20050111T00:00	-150.0001	-18	-999	218.068221283988	20.3194	35.7133	D (TRACE METAL)	-999	5	extracted 1/21/05 MM
P16S-S05-N08	0.02085346	P16S	5	B	20050111T00:00	-150.0001	-18	-999	89.9377450048802	25.3227	35.9384	D (TRACE METAL)	-999	8	extracted 1/21/05 MM
P16S-S05-N10	0.01791702	P16S	5	B	20050111T00:00	-150.0001	-18	-999	54.4642517576799	26.1921	35.9553	D (TRACE METAL)	-999	10	extracted 1/21/05 MM
P16S-S05-N11	0.01401434	P16S	5	B	20050111T00:00	-150.0001	-18	-999	34.5884645711965	27.5811	36.0063	D (TRACE METAL)	-999	11	extracted 1/21/05 MM
P16S-S05-N12	0.01509984	P16S	5	B	20050111T00:00	-150.0001	-18	-999	20.0779230209544	28.3588	36.0813	D (TRACE METAL)	-999	12	extracted 1/21/05 MM
P16S-S05-N14	0.0253272	P16S	5	B	20050111T00:00	-150.0001	-18	-999	168.81200257166	22.0795	35.8668	D (TRACE METAL)	-999	14	extracted 1/21/05 MM
P16S-S05-N15	0.0329147	P16S	5	B	20050111T00:00	-150.0001	-18	-999	119.543977265716	24.2617	35.891	D (TRACE METAL)	-999	15	extracted 1/21/05 MM
P16S-S104-N21	0.17012757	P16S	104	B	20050208T00:00	-150.0002	-67.5007	-999	422.701393248976	1.3501	34.7304	D	-999	21	extracted 2/17/05 MM
P16S-S104-N23	0.09379536	P16S	104	B	20050208T00:00	-150.0002	-67.5007	-999	323.088013284992	1.4438	34.7282	D	-999	23	extracted 2/17/05 MM
P16S-S104-N25	0.079263	P16S	104	B	20050208T00:00	-150.0002	-67.5007	-999	223.327402822339	1.4358	34.7075	D	-999	25	extracted 2/17/05 MM
P16S-S104-N27	0.09355236	P16S	104	B	20050208T00:00	-150.0002	-67.5007	-999	123.617160375599	-1.1325	34.1819	D	-999	27	extracted 2/17/05 MM
P16S-S104-N28	0.08024332	P16S	104	B	20050208T00:00	-150.0002	-67.5007	-999	93.8331532618899	-1.6891	34.0629	D	-999	28	extracted 2/17/05 MM
P16S-S104-N29	0.04059921	P16S	104	B	20050208T00:00	-150.0002	-67.5007	-999	58.8982073620204	-1.4738	33.9424	D	-999	29	extracted 2/17/05 MM
P16S-S104-N30	0.1237827	P16S	104	B	20050208T00:00	-150.0002	-67.5007	-999	39.0034019803514	-0.1649	33.556	D	-999	30	extracted 2/17/05 MM
P16S-S104-N31	0.15193295	P16S	104	B	20050208T00:00	-150.0002	-67.5007	-999	1.98004767616226	-0.0973	33.5094	D	-999	31	extracted 2/17/05 MM
P16S-S15-N03	0.07964314	P16S	15	B	20050113T00:00	-150.0003	-23	-999	483.167077347564	8.8931	34.5016	TRACE METAL	-999	3	extracted 1/21/05 MM
P16S-S15-N05	0.01712065	P16S	15	B	20050113T00:00	-150.0003	-23	-999	235.075250147498	17.8833	35.4466	TRACE METAL	-999	5	extracted 1/21/05 MM
P16S-S15-N08	0.03622921	P16S	15	B	20050113T00:00	-150.0003	-23	-999	105.305685345287	20.8811	35.5646	TRACE METAL	-999	8	extracted 1/21/05 MM
P16S-S15-N09	0.02310514	P16S	15	B	20050113T00:00	-150.0003	-23	-999	84.6461925225287	21.5951	35.5778	TRACE METAL	-999	9	extracted 1/21/05 MM
P16S-S15-N10	0.02462788	P16S	15	B	20050113T00:00	-150.0003	-23	-999	63.9846189091895	22.2563	35.6173	TRACE METAL	-999	10	extracted 1/21/05 MM
P16S-S15-N11	0.02882566	P16S	15	B	20050113T00:00	-150.0003	-23	-999	39.2475930399211	24.2234	35.6165	TRACE METAL	-999	11	extracted 1/21/05 MM
P16S-S15-N12	0.02119251	P16S	15	B	20050113T00:00	-150.0003	-23	-999	14.2094905795437	26.6121	35.6588	TRACE METAL	-999	12	extracted 1/21/05 MM
P16S-S15-N15	0.02754819	P16S	15	B	20050113T00:00	-150.0003	-23	-999	134.007009779534	20.4278	35.5741	TRACE METAL	-999	15	extracted 1/21/05 MM
P16S-S33-N03	0.03163894	P16S	33	B	20050118T00:00	-150.0004	-32	-999	482.245661761669	7.8078	34.4345	TRACE METAL	-999	3	extracted 1/21/05 MM
P16S-S33-N05	0.03786866	P16S	33	B	20050118T00:00	-150.0004	-32	-999	232.932352338926	14.757	35.2066	TRACE METAL	-999	5	extracted 1/21/05 MM
P16S-S33-N08	0.03213808	P16S	33	B	20050118T00:00	-150.0004	-32	-999	104.142636866564	17.5471	35.4512	TRACE METAL	-999	8	extracted 1/21/05 MM
P16S-S33-N09	0.05219453	P16S	33	B	20050118T00:00	-150.0004	-32	-999	86.3756169409308	18.0168	35.466	TRACE METAL	-999	9	extracted 1/21/05 MM
P16S-S33-N10	0.04203303	P16S	33	B	20050118T00:00	-150.0004	-32	-999	66.3238344555161	18.8369	35.5146	TRACE METAL	-999	10	extracted 1/21/05 MM
P16S-S33-N11	0.0365445	P16S	33	B	20050118T00:00	-150.0004	-32	-999	36.2424813430613	22.6575	35.441	TRACE METAL	-999	11	extracted 1/21/05 MM
P16S-S33-N12	0.0194464	P16S	33	B	20050118T00:00	-150.0004	-32	-999	20.6540359060396	22.7762	35.4151	TRACE METAL	-999	12	extracted 1/21/05 MM
P16S-S33-N15	0.03842902	P16S	33	B	20050118T00:00	-150.0004	-32	-999	135.007933839608	16.7138	35.4139	TRACE METAL	-999	15	extracted 1/21/05 MM
P16S-S47-N03	0.07969666	P16S	47	B	20050122T00:00	-150.0005	-39	-999	467.397064617168	7.2153	34.3912	TRACE METAL	-999	3	extracted 2/17/05 MM
P16S-S47-N04	0.12982843	P16S	47	B	20050122T00:00	-150.0005	-39	-999	262.428341619774	8.2571	34.4771	TRACE METAL	-999	4	extracted 2/17/05 MM
P16S-S47-N08	0.04623033	P16S	47	B	20050122T00:00	-150.0005	-39	-999	168.444986178316	9.3636	34.5259	TRACE METAL	-999	8	extracted 2/17/05 MM
P16S-S47-N09	0.14054209	P16S	47	B	20050122T00:00	-150.0005	-39	-999	69.0613386914751	12.3768	34.4292	TRACE METAL	-999	9	extracted 2/17/05 MM
P16S-S47-N10	0.07318292	P16S	47	B	20050122T00:00	-150.0005	-39	-999	54.6754809525807	12.7169	34.4445	TRACE METAL	-999	10	extracted 2/17/05 MM
P16S-S47-N12	0.03549101	P16S	47	B	20050122T00:00	-150.0005	-39	-999	19.152965016451	18.0555	34.3796	TRACE METAL	-999	12	extracted 2/17/05 MM
P16S-S47-N14	0.04406084	P16S	47	B	20050122T00:00	-150.0005	-39	-999	89.9934373822943	11.9558	34.4426	TRACE METAL	-999	14	extracted 2/17/05 MM
P16S-S47-N15	0.04462601	P16S	47	B	20050122T00:00	-150.0005	-39	-999	221.588537207295	8.6641	34.5038	TRACE METAL	-999	15	extracted 2/17/05 MM
P16S-S70-N26	0.02495409	P16S	70	B	20050130T00:00	-149.9997	-50.4993	-999	499.840002826705	7.5652	34.4307	B	-999	26	extracted 2/17/05 MM
P16S-S70-N28	0.02349207	P16S	70	B	20050130T00:00	-149.9997	-50.4993	-999	400.028554562529	7.9978	34.477	B	-999	28	extracted 2/17/05 MM
P16S-S70-N30	0.03546932	P16S	70	B	20050130T00:00	-149.9997	-50.4993	-999	301.25763671675	8.7651	34.5642	B	-999	30	extracted 2/17/05 MM
P16S-S70-N32	0.02598424	P16S	70	B	20050130T00:00	-149.9997	-50.4993	-999	202.043076955412	9.1431	34.6005	B	-999	32	extracted 2/17/05 MM
P16S-S70-N33	0.05795	P16S	70	B	20050130T00:00	-149.9997	-50.4993	-999	152.120611444537	9.206	34.6025	B	-999	33	extracted 2/17/05 MM
P16S-S70-N34	0.06990752	P16S	70	B	20050130T00:00	-149.9997	-50.4993	-999	102.879603091995	9.4424	34.6052	B	-999	34	extracted 2/17/05 MM
P16S-S70-N35	0.03081215	P16S	70	B	20050130T00:00	-149.9997	-50.4993	-999	53.0320760202766	11.0607	34.5459	B	-999	35	extracted 2/17/05 MM
P16S-S70-N36	0.06177295	P16S	70	B	20050130T00:00	-149.9997	-50.4993	-999	5.35339457352944	11.0527	34.5445	B	-999	36	extracted 2/17/05 MM
P16S-S76-N26	0.27372923	P16S	76	B	20050201T00:00	-149.99671	-53.4995	-999	452.53903000573	5.1078	34.2574	B	-999	26	extracted 2/17/05 MM
P16S-S76-N28	0.12795591	P16S	76	B	20050201T00:00	-149.99671	-53.4995	-999	354.116713520117	5.0713	34.1689	B	-999	28	extracted 2/17/05 MM
P16S-S76-N30	0.09497888	P16S	76	B	20050201T00:00	-149.99671	-53.4995	-999	256.142227938683	5.4219	34.1621	B	-999	30	extracted 2/17/05 MM
P16S-S76-N32	0.09402005	P16S	76	B	20050201T00:00	-149.99671	-53.4995	-999	153.07012168836	6.0607	34.195	B	-999	32	extracted 2/17/05 MM
P16S-S76-N33	0.05880844	P16S	76	B	20050201T00:00	-149.99671	-53.4995	-999	104.139763415154	6.212	34.1952	B	-999	33	extracted 2/17/05 MM
P16S-S76-N34	0.18472648	P16S	76	B	20050201T00:00	-149.99671	-53.4995	-999	86.5061204659986	6.4603	34.1793	B	-999	34	extracted 2/17/05 MM
P16S-S76-N35	0.08299328	P16S	76	B	20050201T00:00	-149.99671	-53.4995	-999	54.6031970841673	7.4574	34.0133	B	-999	35	extracted 2/17/05 MM
P16S-S76-N36	0.10502504	P16S	76	B	20050201T00:00	-149.99671	-53.4995	-999	7.13591067133785	7.4408	34.0135	B	-999	36	extracted 2/17/05 MM
P16S-S84-N20	0.06172178	P16S	84	B	20050203T00:00	-150.0013	-57.5007	-999	440.025294363068	2.2389	34.5881	B	-999	20	extracted 2/17/05 MM
P16S-S84-N22	0.0616617	P16S	84	B	20050203T00:00	-150.0013	-57.5007	-999	340.048384489047	2.2783	34.5227	B	-999	22	extracted 2/17/05 MM
P16S-S84-N24	0.08349312	P16S	84	B	20050203T00:00	-150.0013	-57.5007	-999	235.27263721163	2.1784	34.409	B	-999	24	extracted 2/17/05 MM
P16S-S84-N26	0.55839359	P16S	84	B	20050203T00:00	-150.0013	-57.5007	-999	135.988081429347	-0.1642	34.0131	B	-999	26	extracted 2/17/05 MM
P16S-S84-N27	0.24500551	P16S	84	B	20050203T00:00	-150.0013	-57.5007	-999	111.233690471518	-0.2513	33.9602	B	-999	27	extracted 2/17/05 MM
P16S-S84-N28	0.32590661	P16S	84	B	20050203T00:00	-150.0013	-57.5007	-999	85.9811269532757	-0.3309	33.9216	B	-999	28	extracted 2/17/05 MM
P16S-S84-N29	0.04203022	P16S	84	B	20050203T00:00	-150.0013	-57.5007	-999	71.1252216574623	0.2786	33.9103	B	-999	29	extracted 2/17/05 MM
P16S-S84-N31	0.08357852	P16S	84	B	20050203T00:00	-150.0013	-57.5007	-999	4.55751144033435	3.0654	33.8603	B	-999	31	extracted 2/17/05 MM
P16S-S90-N20	0.07223758	P16S	90	B	20050204T00:00	-150.0006	-60	-999	488.44289716841	1.1571	34.7279	D	-999	20	extracted 2/17/05 MM
P16S-S90-N22	0.08413562	P16S	90	B	20050204T00:00	-150.0006	-60	-999	386.833272265377	1.2217	34.7293	D	-999	22	extracted 2/17/05 MM
P16S-S90-N24	0.05088784	P16S	90	B	20050204T00:00	-150.0006	-60	-999	288.140881556008	1.282	34.728	D	-999	24	extracted 2/17/05 MM
P16S-S90-N26	0.05926143	P16S	90	B	20050204T00:00	-150.0006	-60	-999	183.760149269756	0.6703	34.6085	D	-999	26	extracted 2/17/05 MM
P16S-S90-N27	0.07460332	P16S	90	B	20050204T00:00	-150.0006	-60	-999	133.975073371368	-1.51	34.2919	D	-999	27	extracted 2/17/05 MM
P16S-S90-N28	0.12122631	P16S	90	B	20050204T00:00	-150.0006	-60	-999	83.5838120049362	-1.0455	34.205	D	-999	28	extracted 2/17/05 MM
P16S-S90-N29	0.19580258	P16S	90	B	20050204T00:00	-150.0006	-60	-999	39.6174430944717	1.6127	34.1035	D	-999	29	extracted 2/17/05 MM
P16S-S90-N30	0.13217431	P16S	90	B	20050204T00:00	-150.0006	-60	-999	3.5658845969493	1.6092	34.1027	D	-999	30	extracted 2/17/05 MM
P16S-S96-N18	0.12497022	P16S	96	B	20050206T00:00	-149.9972	-63.499	-999	473.510992852074	1.2015	34.7288	B	-999	18	extracted 2/17/05 MM
P16S-S96-N20	0.092452	P16S	96	B	20050206T00:00	-149.9972	-63.499	-999	288.865865463828	1.3469	34.7298	B	-999	20	extracted 2/17/05 MM
P16S-S96-N23	0.08485755	P16S	96	B	20050206T00:00	-149.9972	-63.499	-999	164.423454666742	1.02	34.6521	B	-999	23	extracted 2/17/05 MM
P16S-S96-N24	0.08379117	P16S	96	B	20050206T00:00	-149.9972	-63.499	-999	134.53811088408	-0.9015	34.3594	B	-999	24	extracted 2/17/05 MM
P16S-S96-N25	0.0991134	P16S	96	B	20050206T00:00	-149.9972	-63.499	-999	89.7019109656776	-1.6978	34.1713	B	-999	25	extracted 2/17/05 MM
P16S-S96-N26	0.26565671	P16S	96	B	20050206T00:00	-149.9972	-63.499	-999	64.656664351439	-1.548	34.0837	B	-999	26	extracted 2/17/05 MM
P16S-S96-N27	0.08162681	P16S	96	B	20050206T00:00	-149.9972	-63.499	-999	39.6083484404036	0.8649	33.9757	B	-999	27	extracted 2/17/05 MM
P16S-S96-N28	0.14270333	P16S	96	B	20050206T00:00	-149.9972	-63.499	-999	2.27768823916374	1.0368	33.9761	B	-999	28	extracted 2/17/05 MM. lost ~200mL during filtering, filter off center
